player,pick,source
Adam Flagler,51,Sam Vecenie
Adam Flagler,44,nbadraft.net
Adam Flagler,80,ESPN
Adam Flagler,54,The Box and One
Adama Sanogo,70,Sam Vecenie
Adama Sanogo,54,CBS
Adama Sanogo,56,nbadraft.net
Adama Sanogo,70,ESPN
Adama Sanogo,54,Tankathon
Adama Sanogo,84,The Box and One
Adamo Sanogo,58,NBA Draft Room
Adem Bona,42,Sam Vecenie
Adem Bona,31,CBS
Adem Bona,48,ESPN
Adem Bona,19,NBA Draft Room
Alex Fudge,88,The Box and One
Amari Bailey,48,Sam Vecenie
Amari Bailey,13,CBS
Amari Bailey,38,nbadraft.net
Amari Bailey,31,Bleacher Report
Amari Bailey,45,ESPN
Amari Bailey,44,Tankathon
Amari Bailey,49,The Box and One
Amari Bailey,34,NBA Draft Room
Amen Thompson,4,Sam Vecenie
Amen Thompson,3,CBS
Amen Thompson,6,nbadraft.net
Amen Thompson,3,Bleacher Report
Amen Thompson,4,Kevin O'Connor
Amen Thompson,4,ESPN
Amen Thompson,4,Tankathon
Amen Thompson,3,The Box and One
Amen Thompson,4,NBA Draft Room
Amen Thompson,5,Sports Illustrated
Andre Jackson Jr.,34,Sam Vecenie
Andre Jackson Jr.,30,nbadraft.net
Andre Jackson Jr.,48,The Box and One
Andre Jackson Jr.,33,NBA Draft Room
Andre Jackson Jr.,27,CBS
Andre Jackson Jr.,25,Bleacher Report
Andre Jackson Jr.,30,Kevin O'Connor
Andre Jackson Jr.,32,ESPN
Andre Jackson Jr.,40,Tankathon
Andre Jackson Jr.,33,Sports Illustrated
Anthony Black,8,Sam Vecenie
Anthony Black,9,CBS
Anthony Black,5,nbadraft.net
Anthony Black,12,Bleacher Report
Anthony Black,6,Kevin O'Connor
Anthony Black,8,ESPN
Anthony Black,8,Tankathon
Anthony Black,5,The Box and One
Anthony Black,8,NBA Draft Room
Anthony Black,6,Sports Illustrated
Antoine Davis,113,The Box and One
Anton Watson,65,nbadraft.net
Anton Watson,86,The Box and One
Antonio Reeves,93,nbadraft.net
Antonio Reeves,133,The Box and One
Arthur Kaluma,55,Sam Vecenie
Arthur Kaluma,61,CBS
Arthur Kaluma,55,nbadraft.net
Arthur Kaluma,87,ESPN
Arthur Kaluma,63,Tankathon
Arthur Kaluma,98,The Box and One
Arthur Kaluma,54,NBA Draft Room
Ausar Thompson,7,Sam Vecenie
Ausar Thompson,6,CBS
Ausar Thompson,7,nbadraft.net
Ausar Thompson,6,Bleacher Report
Ausar Thompson,5,Kevin O'Connor
Ausar Thompson,5,ESPN
Ausar Thompson,5,Tankathon
Ausar Thompson,10,The Box and One
Ausar Thompson,9,NBA Draft Room
Ausar Thompson,9,Sports Illustrated
Azuolas Tubelis,73,Sam Vecenie
Azuolas Tubelis,75,CBS
Azuolas Tubelis,61,nbadraft.net
Azuolas Tubelis,76,ESPN
Azuolas Tubelis,51,Tankathon
Azuolas Tubelis,79,The Box and One
Azuolas Tubelis,63,NBA Draft Room
Baylor Scheierman,68,nbadraft.net
Baylor Scheierman,61,Tankathon
Ben Sheppard,69,Sam Vecenie
Ben Sheppard,49,CBS
Ben Sheppard,78,nbadraft.net
Ben Sheppard,34,Bleacher Report
Ben Sheppard,36,ESPN
Ben Sheppard,36,The Box and One
Bilal Coulibaly,24,Sam Vecenie
Bilal Coulibaly,24,CBS
Bilal Coulibaly,22,nbadraft.net
Bilal Coulibaly,19,Bleacher Report
Bilal Coulibaly,17,Kevin O'Connor
Bilal Coulibaly,22,ESPN
Bilal Coulibaly,24,Tankathon
Bilal Coulibaly,26,The Box and One
Bilal Coulibaly,15,NBA Draft Room
Bilal Coulibaly,32,Sports Illustrated
Bobi Klintman,23,Sam Vecenie
Bobi Klintman,43,CBS
Bobi Klintman,21,nbadraft.net
Bobi Klintman,15,Kevin O'Connor
Bobi Klintman,53,ESPN
Bobi Klintman,34,The Box and One
Bobi Klintman,43,NBA Draft Room
Branden Carlson,137,The Box and One
Brandin Podziemski,18,Bleacher Report
Brandin Podziemski,47,Sam Vecenie
Brandin Podziemski,20,CBS
Brandin Podziemski,36,nbadraft.net
Brandin Podziemski,27,ESPN
Brandin Podziemski,34,Tankathon
Brandin Podziemski,40,The Box and One
Brandin Podziemski,53,NBA Draft Room
Brandin Podziemski,43,Sports Illustrated
Brandon Miller,3,Sam Vecenie
Brandon Miller,4,CBS
Brandon Miller,2,nbadraft.net
Brandon Miller,4,Bleacher Report
Brandon Miller,2,Kevin O'Connor
Brandon Miller,2,ESPN
Brandon Miller,3,Tankathon
Brandon Miller,4,The Box and One
Brandon Miller,3,NBA Draft Room
Brandon Miller,3,Sports Illustrated
Brice Sensabaugh,15,Sam Vecenie
Brice Sensabaugh,23,CBS
Brice Sensabaugh,35,nbadraft.net
Brice Sensabaugh,14,Bleacher Report
Brice Sensabaugh,19,Kevin O'Connor
Brice Sensabaugh,21,ESPN
Brice Sensabaugh,15,Tankathon
Brice Sensabaugh,22,The Box and One
Brice Sensabaugh,27,NBA Draft Room
Brice Sensabaugh,26,Sports Illustrated
Bryce Hopkins,66,Tankathon
Caleb McConnell,93,Sam Vecenie
Caleb McConnell,91,The Box and One
Cam Whitmore,5,Sam Vecenie
Cam Whitmore,5,CBS
Cam Whitmore,9,nbadraft.net
Cam Whitmore,9,Bleacher Report
Cam Whitmore,9,Kevin O'Connor
Cam Whitmore,6,ESPN
Cam Whitmore,7,Tankathon
Cam Whitmore,6,The Box and One
Cam Whitmore,7,NBA Draft Room
Cam Whitmore,8,Sports Illustrated
Cason Wallace,10,Sam Vecenie
Cason Wallace,16,CBS
Cason Wallace,12,nbadraft.net
Cason Wallace,7,Bleacher Report
Cason Wallace,11,Kevin O'Connor
Cason Wallace,14,ESPN
Cason Wallace,11,Tankathon
Cason Wallace,7,The Box and One
Cason Wallace,12,NBA Draft Room
Cason Wallace,10,Sports Illustrated
Charles Bediako,72,ESPN
Charles Bediako,92,The Box and One
Chris Livingston,68,Sam Vecenie
Chris Livingston,70,nbadraft.net
Chris Livingston,65,ESPN
Chris Livingston,61,The Box and One
Cliff Omoruyi,84,Sam Vecenie
Colby Jones,28,Sam Vecenie
Colby Jones,33,CBS
Colby Jones,57,nbadraft.net
Colby Jones,22,Bleacher Report
Colby Jones,29,Kevin O'Connor
Colby Jones,28,ESPN
Colby Jones,25,Tankathon
Colby Jones,28,The Box and One
Colby Jones,32,NBA Draft Room
Colby Jones,23,Sports Illustrated
Coleman Hawkins,57,Sam Vecenie
Coleman Hawkins,53,CBS
Coleman Hawkins,80,nbadraft.net
Coleman Hawkins,50,Bleacher Report
Coleman Hawkins,54,ESPN
Coleman Hawkins,48,Tankathon
Coleman Hawkins,51,The Box and One
Coleman Hawkins,68,NBA Draft Room
Coleman Hawkins,45,Sports Illustrated
Colin Castleton,66,Sam Vecenie
Colin Castleton,74,CBS
Colin Castleton,67,ESPN
Colin Castleton,71,The Box and One
Courtney Ramey,118,The Box and One
Craig Porter Jr.,93,The Box and One
Dariq Whitehead,21,Sam Vecenie
Dariq Whitehead,29,CBS
Dariq Whitehead,33,nbadraft.net
Dariq Whitehead,16,Bleacher Report
Dariq Whitehead,35,Kevin O'Connor
Dariq Whitehead,26,ESPN
Dariq Whitehead,19,Tankathon
Dariq Whitehead,20,The Box and One
Dariq Whitehead,35,NBA Draft Room
Dariq Whitehead,16,Sports Illustrated
Darius McGhee,78,Sam Vecenie
Darius McGhee,101,The Box and One
DaRon Holmes II,62,Sam Vecenie
DaRon Holmes II,51,nbadraft.net
DaRon Holmes II,39,Tankathon
DaRon Holmes II,38,The Box and One
DaRon Holmes II,62,CBS
DaRon Holmes II,51,ESPN
DaRon Holmes II,41,NBA Draft Room
Derek Lively II,32,nbadraft.net
Derek Lively II,21,Bleacher Report
Derek Lively II,20,Kevin O'Connor
Derek Lively II,12,ESPN
Derek Lively II,21,Tankathon
Derek Lively II,16,The Box and One
Derek Lively II,22,Sports Illustrated
Derek Lively II,19,CBS
Derek Lively II,14,Sam Vecenie
Derek Lively II,18,NBA Draft Room
Deshawndre Washington,107,The Box and One
Dillon Jones,86,Sam Vecenie
Dillon Jones,52,CBS
Dillon Jones,71,ESPN
Dillon Jones,70,The Box and One
Dillon Mitchell,60,Sam Vecenie
Dillon Mitchell,44,CBS
Dillon Mitchell,43,nbadraft.net
Dillon Mitchell,41,ESPN
Dillon Mitchell,52,Tankathon
Dillon Mitchell,67,The Box and One
Dillon Mitchell,65,NBA Draft Room
Dillon Mitchell,31,Sports Illustrated
D'Moi Hodge,100,Sam Vecenie
D'Moi Hodge,89,The Box and One
Drew Peterson,93,ESPN
Drew Peterson,103,The Box and One
Drew Timme,72,Sam Vecenie
Drew Timme,47,nbadraft.net
Drew Timme,86,ESPN
Drew Timme,62,Tankathon
Drew Timme,77,The Box and One
Dwayne Cohill,136,The Box and One
Efe Abogidi,69,The Box and One
Emanuel Miller,80,Sam Vecenie
Emanuel Miller,66,The Box and One
Emoni Bates,76,Sam Vecenie
Emoni Bates,65,CBS
Emoni Bates,64,nbadraft.net
Emoni Bates,49,Bleacher Report
Emoni Bates,58,ESPN
Emoni Bates,59,Tankathon
Emoni Bates,52,The Box and One
Emoni Bates,59,NBA Draft Room
Eric Gaines,90,Sam Vecenie
Eric Gaines,88,nbadraft.net
GG Jackson,22,Sam Vecenie
GG Jackson,11,nbadraft.net
GG Jackson,20,Bleacher Report
GG Jackson,18,Kevin O'Connor
GG Jackson,30,Tankathon
GG Jackson,12,The Box and One
GG Jackson,17,NBA Draft Room
GG Jackson,25,Sports Illustrated
Gradey Dick,12,Sam Vecenie
Gradey Dick,11,CBS
Gradey Dick,8,nbadraft.net
Gradey Dick,10,Bleacher Report
Gradey Dick,12,Kevin O'Connor
Gradey Dick,10,ESPN
Gradey Dick,10,Tankathon
Gradey Dick,11,The Box and One
Gradey Dick,11,Sports Illustrated
Grady Dick,11,NBA Draft Room
Grant Nelson,75,Sam Vecenie
Grant Nelson,69,nbadraft.net
Grant Sherfield,81,nbadraft.net
Grant Sherfield,108,The Box and One
Gregory Jackson,35,CBS
Gregory Jackson,33,ESPN
Hakim Hart,92,Sam Vecenie
Hakim Hart,106,The Box and One
Hunter Tyson,57,ESPN
Hunter Tyson,97,The Box and One
Isaiah Miranda,97,ESPN
Isaiah Stevens,83,The Box and One
Isaiah Wong,71,Sam Vecenie
Isaiah Wong,38,CBS
Isaiah Wong,40,nbadraft.net
Isaiah Wong,82,ESPN
Isaiah Wong,65,Tankathon
Isaiah Wong,63,The Box and One
Isaiah Wong,64,NBA Draft Room
Jacob Toppin,98,Sam Vecenie
Jacob Toppin,82,The Box and One
Jaden Bradley,110,The Box and One
Jahvon Quinerly,89,nbadraft.net
Jaime Jaquez Jr.,31,Sam Vecenie
Jaime Jaquez Jr.,39,nbadraft.net
Jaime Jaquez Jr.,29,The Box and One
Jaime Jaquez Jr.,46,CBS
Jaime Jaquez Jr.,37,Bleacher Report
Jaime Jaquez Jr.,28,Kevin O'Connor
Jaime Jaquez Jr.,30,ESPN
Jaime Jaquez Jr.,33,Tankathon
Jaime Jaquez Jr.,34,Sports Illustrated
Jaime Jaquez Jr.,60,NBA Draft Room
Jake Stephens,132,The Box and One
Jalen Bridges,90,nbadraft.net
Jalen Bridges,79,ESPN
Jalen Bridges,128,The Box and One
Jalen Bridges,44,NBA Draft Room
Jalen Hood-Schifino,16,Sam Vecenie
Jalen Hood-Schi?no,12,CBS
Jalen Hood-Schifino,29,Bleacher Report
Jalen Hood-Schifino,22,Kevin O'Connor
Jalen Hood-Schifino,11,ESPN
Jalen Hood-Schifino,17,Tankathon
Jalen Hood-Schifino,18,The Box and One
Jalen Hood-Schifino,13,NBA Draft Room
Jalen Hood-Schifino,20,Sports Illustrated
Jalen Hood-Schifino,16,nbadraft.net
Jalen Pickett,81,Sam Vecenie
Jalen Pickett,48,nbadraft.net
Jalen Pickett,81,ESPN
Jalen Pickett,72,The Box and One
Jalen Slawson,65,Sam Vecenie
Jalen Slawson,73,nbadraft.net
Jalen Slawson,92,ESPN
Jalen Slawson,53,The Box and One
Jalen Slawson,56,NBA Draft Room
Jalen Wilson,33,Sam Vecenie
Jalen Wilson,50,CBS
Jalen Wilson,27,nbadraft.net
Jalen Wilson,45,Bleacher Report
Jalen Wilson,44,ESPN
Jalen Wilson,35,Tankathon
Jalen Wilson,47,The Box and One
Jalen Wilson,38,NBA Draft Room
Jalen Wilson,28,Sports Illustrated
Jamal Shead,85,The Box and One
James Nnaji,38,Sam Vecenie
James Nnaji,39,CBS
James Nnaji,52,nbadraft.net
James Nnaji,33,Bleacher Report
James Nnaji,31,Kevin O'Connor
James Nnaji,24,ESPN
James Nnaji,32,Tankathon
James Nnaji,39,The Box and One
James Nnaji,20,NBA Draft Room
James Nnaji,29,Sports Illustrated
Jarace Walker,9,Sam Vecenie
Jarace Walker,8,CBS
Jarace Walker,13,nbadraft.net
Jarace Walker,5,Bleacher Report
Jarace Walker,8,Kevin O'Connor
Jarace Walker,7,ESPN
Jarace Walker,6,Tankathon
Jarace Walker,9,The Box and One
Jarace Walker,5,NBA Draft Room
Jarace Walker,4,Sports Illustrated
Jaren Holmes,87,The Box and One
Javan Johnson,119,The Box and One
Jayden Gardner,135,The Box and One
Jaylen Clark,43,Sam Vecenie
Jaylen Clark,58,CBS
Jaylen Clark,71,nbadraft.net
Jaylen Clark,64,ESPN
Jaylen Clark,47,Tankathon
Jaylen Clark,59,The Box and One
Jaylen Clark,55,NBA Draft Room
Jaylen Clark,46,Sports Illustrated
Jaylen Martin,114,The Box and One
Jazian Gortman,68,CBS
Jazian Gortman,72,nbadraft.net
Jazian Gortman,96,ESPN
Jazian Gortman,125,The Box and One
Jeremy Roach,97,nbadraft.net
Jett Howard,27,Sam Vecenie
Jett Howard,32,CBS
Jett Howard,25,nbadraft.net
Jett Howard,17,Bleacher Report
Jett Howard,23,Kevin O'Connor
Jett Howard,17,ESPN
Jett Howard,16,Tankathon
Jett Howard,23,The Box and One
Jett Howard,21,NBA Draft Room
Jett Howard,19,Sports Illustrated
Johni Broome,100,The Box and One
Jordan Hawkins,17,Sam Vecenie
Jordan Hawkins,18,CBS
Jordan Hawkins,23,nbadraft.net
Jordan Hawkins,23,Bleacher Report
Jordan Hawkins,25,Kevin O'Connor
Jordan Hawkins,15,ESPN
Jordan Hawkins,14,Tankathon
Jordan Hawkins,24,The Box and One
Jordan Hawkins,10,NBA Draft Room
Jordan Hawkins,12,Sports Illustrated
Jordan Miller,52,Sam Vecenie
Jordan Miller,55,CBS
Jordan Miller,46,nbadraft.net
Jordan Miller,66,ESPN
Jordan Miller,65,The Box and One
Jordan Miller,39,NBA Draft Room
Jordan Walsh,54,Sam Vecenie
Jordan Walsh,51,CBS
Jordan Walsh,63,nbadraft.net
Jordan Walsh,40,Bleacher Report
Jordan Walsh,39,Kevin O'Connor
Jordan Walsh,39,ESPN
Jordan Walsh,46,Tankathon
Jordan Walsh,41,The Box and One
Jordan Walsh,36,NBA Draft Room
Josiah-Jordan James,77,ESPN
Judah Mintz,50,Sam Vecenie
Judah Mintz,59,CBS
Judah Mintz,79,nbadraft.net
Judah Mintz,41,Bleacher Report
Judah Mintz,62,ESPN
Judah Mintz,30,The Box and One
Judah Mintz,45,NBA Draft Room
Julian Phillips,39,Sam Vecenie
Julian Phillips,30,CBS
Julian Phillips,36,Kevin O'Connor
Julian Phillips,34,ESPN
Julian Phillips,38,Tankathon
Julian Phillips,35,The Box and One
Julian Phillips,48,NBA Draft Room
Julian Phillips,44,Sports Illustrated
Julian Strawther,35,Sam Vecenie
Julian Strawther,34,CBS
Julian Strawther,29,nbadraft.net
Julian Strawther,39,Bleacher Report
Julian Strawther,33,Kevin O'Connor
Julian Strawther,56,ESPN
Julian Strawther,37,Tankathon
Julian Strawther,32,The Box and One
Julian Strawther,28,NBA Draft Room
Julian Strawther,38,Sports Illustrated
Justyn Mutts,57,The Box and One
KC Ndefo,130,The Box and One
Keion Brooks,87,nbadraft.net
Kendric Davis,99,nbadraft.net
Kendric Davis,80,The Box and One
Kevin McCullar Jr.,44,Sam Vecenie
Kevin McCullar Jr.,74,nbadraft.net
Kevin McCullar Jr.,67,NBA Draft Room
Keyontae Johnson,66,CBS
Keyontae Johnson,37,nbadraft.net
Keyontae Johnson,46,Bleacher Report
Keyontae Johnson,49,ESPN
Keyontae Johnson,49,Tankathon
Keyontae Johnson,95,The Box and One
Keyontae Johnson,51,NBA Draft Room
Keyonte George,18,Sam Vecenie
Keyonte George,7,CBS
Keyonte George,15,nbadraft.net
Keyonte George,11,Bleacher Report
Keyonte George,13,Kevin O'Connor
Keyonte George,16,ESPN
Keyonte George,12,Tankathon
Keyonte George,13,The Box and One
Keyonte George,14,NBA Draft Room
Keyonte George,13,Sports Illustrated
Kobe Brown,41,Sam Vecenie
Kobe Brown,40,CBS
Kobe Brown,59,nbadraft.net
Kobe Brown,35,Bleacher Report
Kobe Brown,46,ESPN
Kobe Brown,41,Tankathon
Kobe Brown,37,The Box and One
Kobe Brown,41,Sports Illustrated
Kobe Bufkin,11,Sam Vecenie
Kobe Bufkin,15,CBS
Kobe Bufkin,19,nbadraft.net
Kobe Bufkin,13,Bleacher Report
Kobe Bufkin,10,Kevin O'Connor
Kobe Bufkin,18,ESPN
Kobe Bufkin,23,Tankathon
Kobe Bufkin,14,The Box and One
Kobe Bufkin,31,NBA Draft Room
Kobe Bufkin,18,Sports Illustrated
Kris Murray,20,Sam Vecenie
Kris Murray,17,CBS
Kris Murray,18,nbadraft.net
Kris Murray,26,Bleacher Report
Kris Murray,27,Kevin O'Connor
Kris Murray,25,ESPN
Kris Murray,22,Tankathon
Kris Murray,19,The Box and One
Kris Murray,26,NBA Draft Room
Kris Murray,17,Sports Illustrated
Lamont Butler,94,Sam Vecenie
Landers Nolley II,55,The Box and One
Landers Nolley II,83,Sam Vecenie
Leaky Black,91,Sam Vecenie
Leaky Black,111,The Box and One
Leonard Miller,13,Sam Vecenie
Leonard Miller,21,CBS
Leonard Miller,24,nbadraft.net
Leonard Miller,30,Bleacher Report
Leonard Miller,16,Kevin O'Connor
Leonard Miller,23,ESPN
Leonard Miller,20,Tankathon
Leonard Miller,17,The Box and One
Leonard Miller,30,NBA Draft Room
Leonard Miller,24,Sports Illustrated
Liam Robbins,74,Sam Vecenie
Liam Robbins,94,ESPN
Liam Robbins,76,The Box and One
LJ Cryer,83,nbadraft.net
Malcolm Cazalon,82,nbadraft.net
Malcolm Cazalon,88,ESPN
Malcolm Cazalon,68,Tankathon
Manny Bates,124,The Box and One
Mantas Rubstavicius,73,ESPN
Marcus Sasser,32,Sam Vecenie
Marcus Sasser,57,CBS
Marcus Sasser,41,nbadraft.net
Marcus Sasser,43,Bleacher Report
Marcus Sasser,37,Kevin O'Connor
Marcus Sasser,37,ESPN
Marcus Sasser,29,Tankathon
Marcus Sasser,42,The Box and One
Marcus Sasser,37,NBA Draft Room
Marcus Sasser,30,Sports Illustrated
Mario Nakic,84,nbadraft.net
Mark Sears,96,nbadraft.net
Markquis Nowell,100,nbadraft.net
Markquis Nowell,64,Tankathon
Markquis Nowell,104,The Box and One
Matthew Mayer,96,The Box and One
Max Lewis,25,The Box and One
Maxwell Lewis,29,Sam Vecenie
Maxwell Lewis,56,CBS
Maxwell Lewis,17,nbadraft.net
Maxwell Lewis,27,Bleacher Report
Maxwell Lewis,34,Kevin O'Connor
Maxwell Lewis,31,ESPN
Maxwell Lewis,26,Tankathon
Maxwell Lewis,25,NBA Draft Room
Maxwell Lewis,27,Sports Illustrated
Michael Caicedo,94,nbadraft.net
Michael Caicedo,89,ESPN
Mike Miles Jr.,75,nbadraft.net
Mike Miles Jr.,74,ESPN
Mike Miles Jr.,45,The Box and One
Mike Miles Jr.,49,NBA Draft Room
Mike Miles Jr.,77,Sam Vecenie
Mike Sharavjamts,122,The Box and One
Miles Kelly,74,The Box and One
Mojave King,67,Sam Vecenie
Mojave King,67,CBS
Mojave King,60,nbadraft.net
Mojave King,84,ESPN
Mojave King,69,Tankathon
Mojave King,121,The Box and One
Mouhamed Gueye,64,Sam Vecenie
Mouhamed Gueye,70,CBS
Mouhamed Gueye,86,nbadraft.net
Mouhamed Gueye,50,ESPN
Mouhamed Gueye,55,Tankathon
Mouhamed Gueye,64,The Box and One
Mouhamed Gueye,52,NBA Draft Room
Nadir Hifi,92,nbadraft.net
Nadir Hifi,85,ESPN
Nae'Qwan Tomlin,79,Sam Vecenie
Nae'Qwan Tomlin,98,ESPN
Nate Laszewski,134,The Box and One
Nathan Mensah,105,The Box and One
Nick Smith Jr.,10,nbadraft.net
Nick Smith Jr.,21,The Box and One
Nick Smith Jr.,19,Sam Vecenie
Nick Smith Jr.,22,CBS
Nick Smith Jr.,15,Bleacher Report
Nick Smith Jr.,14,Kevin O'Connor
Nick Smith Jr.,13,ESPN
Nick Smith Jr.,13,Tankathon
Nick Smith Jr.,22,NBA Draft Room
Nick Smith Jr.,14,Sports Illustrated
Nikola Djurisic,58,Sam Vecenie
Nikola Djurisic,50,nbadraft.net
Nikola Djurisic,44,Bleacher Report
Nikola Djurisic,60,ESPN
Nikola Djurisic,45,Tankathon
Nikola Djurisic,50,The Box and One
Nikola Durisic,46,NBA Draft Room
Nikos Rogkavopoulos,91,nbadraft.net
Noah Clowney,30,Sam Vecenie
Noah Clowney,41,CBS
Noah Clowney,28,nbadraft.net
Noah Clowney,24,Bleacher Report
Noah Clowney,26,Kevin O'Connor
Noah Clowney,20,ESPN
Noah Clowney,27,Tankathon
Noah Clowney,31,The Box and One
Noah Clowney,24,NBA Draft Room
Noah Clowney,15,Sports Illustrated
Olivier Nkamhoua,97,Sam Vecenie
Olivier Nkamhoua,63,CBS
Olivier Nkamhoua,90,ESPN
Olivier Nkamhoua,126,The Box and One
Olivier-Maxence Prosper,37,Sam Vecenie
Olivier-Maxence Prosper,26,CBS
Olivier-Maxence Prosper,29,ESPN
Olivier-Maxence Prosper,27,The Box and One
Olivier-Maxence Prosper,48,Sports Illustrated
Olivier-Maxense Prosper,77,nbadraft.net
Omari Moore,49,Sam Vecenie
Omari Moore,54,nbadraft.net
Omari Moore,78,ESPN
Omari Moore,78,The Box and One
Oscar Tshiebwe,69,CBS
Oscar Tshiebwe,66,nbadraft.net
Oscar Tshiebwe,75,ESPN
Oscar Tshiebwe,57,Tankathon
Oscar Tshiebwe,94,The Box and One
Oso Ighodaro,61,NBA Draft Room
Osun Osunniyi,116,The Box and One
Ousmane Ndiaye,85,nbadraft.net
Ousmane Ndiaye,63,ESPN
Ousmane Ndiaye,67,Tankathon
Ousmane Ndiaye,88,Sam Vecenie
Pete Nance,102,The Box and One
PJ Hall,98,nbadraft.net
Race Thompson,115,The Box and One
Rayan Rupert,26,Sam Vecenie
Rayan Rupert,28,CBS
Rayan Rupert,14,nbadraft.net
Rayan Rupert,28,Bleacher Report
Rayan Rupert,21,Kevin O'Connor
Rayan Rupert,19,ESPN
Rayan Rupert,18,Tankathon
Rayan Rupert,33,The Box and One
Rayan Rupert,16,NBA Draft Room
Rayan Rupert,21,Sports Illustrated
Reece Beekman,61,Sam Vecenie
Reece Beekman,73,CBS
Reece Beekman,67,nbadraft.net
Reece Beekman,43,ESPN
Reece Beekman,58,Tankathon
Reece Beekman,58,The Box and One
Reece Beekman,70,NBA Draft Room
Reece Beekman,47,Sports Illustrated
Ricky Council IV,42,nbadraft.net
Ricky Council IV,53,Sam Vecenie
Ricky Council IV,36,CBS
Ricky Council IV,38,Bleacher Report
Ricky Council IV,59,ESPN
Ricky Council IV,42,Tankathon
Ricky Council IV,68,The Box and One
Ricky Council IV,50,NBA Draft Room
Ricky Council IV,40,Sports Illustrated
Ryan Kalkbrenner,56,Sam Vecenie
Ryan Kalkbrenner,47,CBS
Ryan Kalkbrenner,76,nbadraft.net
Ryan Kalkbrenner,56,Tankathon
Scoot Henderson,2,Sam Vecenie
Scoot Henderson,2,CBS
Scoot Henderson,3,nbadraft.net
Scoot Henderson,2,Bleacher Report
Scoot Henderson,3,Kevin O'Connor
Scoot Henderson,3,ESPN
Scoot Henderson,2,Tankathon
Scoot Henderson,2,The Box and One
Scoot Henderson,2,NBA Draft Room
Scoot Henderson,2,Sports Illustrated
Seth Lundy,63,Sam Vecenie
Seth Lundy,64,CBS
Seth Lundy,45,nbadraft.net
Seth Lundy,52,ESPN
Seth Lundy,75,The Box and One
Seth Lundy,62,NBA Draft Room
Sidy Cissoko,25,Sam Vecenie
Sidy Cissoko,42,CBS
Sidy Cissoko,34,nbadraft.net
Sidy Cissoko,48,Bleacher Report
Sidy Cissoko,24,Kevin O'Connor
Sidy Cissoko,40,ESPN
Sidy Cissoko,28,Tankathon
Sidy Cissoko,15,The Box and One
Sidy Cissoko,23,NBA Draft Room
Sidy Cissoko,42,Sports Illustrated
Sir'Jabari Rice,85,Sam Vecenie
Sir'Jabari Rice,95,ESPN
Sir'Jabari Rice,73,The Box and One
Taevion Kinsey,99,Sam Vecenie
Taevion Kinsey,90,The Box and One
Tajion Jones,109,The Box and One
Taylor Funk,100,ESPN
Taylor Hendricks,6,Sam Vecenie
Taylor Hendricks,10,CBS
Taylor Hendricks,4,nbadraft.net
Taylor Hendricks,8,Bleacher Report
Taylor Hendricks,7,Kevin O'Connor
Taylor Hendricks,9,ESPN
Taylor Hendricks,9,Tankathon
Taylor Hendricks,8,The Box and One
Taylor Hendricks,6,NBA Draft Room
Taylor Hendricks,7,Sports Illustrated
Terquavion Smith,45,Sam Vecenie
Terquavion Smith,37,CBS
Terquavion Smith,31,nbadraft.net
Terquavion Smith,32,Bleacher Report
Terquavion Smith,40,Kevin O'Connor
Terquavion Smith,42,ESPN
Terquavion Smith,36,Tankathon
Terquavion Smith,56,The Box and One
Terquavion Smith,47,NBA Draft Room
Terquavion Smith,36,Sports Illustrated
Terrence Shannon Jr.,58,nbadraft.net
Terrence Shannon Jr.,36,Sam Vecenie
Terrence Shannon Jr.,45,CBS
Terrence Shannon Jr.,42,Bleacher Report
Terrence Shannon Jr.,38,Kevin O'Connor
Terrence Shannon Jr.,55,ESPN
Terrence Shannon Jr.,43,Tankathon
Terrence Shannon Jr.,62,The Box and One
Terrence Shannon Jr.,69,NBA Draft Room
Terrence Shannon Jr.,39,Sports Illustrated
Tevian Jones,87,Sam Vecenie
Tevian Jones,112,The Box and One
Tom Digbeu,99,ESPN
Tosan Evbuomwan,95,Sam Vecenie
Tosan Evbuomwan,71,CBS
Tosan Evbuomwan,53,nbadraft.net
Tosan Evbuomwan,91,ESPN
Tosan Evbuomwan,81,The Box and One
Toumani Camara,96,Sam Vecenie
Toumani Camara,60,CBS
Toumani Camara,62,nbadraft.net
Toumani Camara,61,ESPN
Toumani Camara,99,The Box and One
Toumani Camara,49,Sports Illustrated
Trayce Jackson-Davis,40,Sam Vecenie
Trayce Jackson-Davis,25,CBS
Trayce Jackson-Davis,20,nbadraft.net
Trayce Jackson-Davis,36,Bleacher Report
Trayce Jackson-Davis,32,Kevin O'Connor
Trayce Jackson-Davis,38,ESPN
Trayce Jackson-Davis,31,Tankathon
Trayce Jackson-Davis,44,The Box and One
Trayce Jackson-Davis,29,NBA Draft Room
Trayce Jackson-Davis,35,Sports Illustrated
Trey Alexander,46,Sam Vecenie
Trey Alexander,14,CBS
Trey Alexander,26,nbadraft.net
Trey Alexander,69,ESPN
Trey Alexander,50,Tankathon
Trey Alexander,46,The Box and One
Trey Alexander,40,NBA Draft Room
Trey Alexander,37,Sports Illustrated
Tristan Da Silva,89,Sam Vecenie
Tristan Da Silva,83,ESPN
Tristan Da Silva,120,The Box and One
Tristan Vukcevic,82,Sam Vecenie
Tristan Vukcevic,48,CBS
Tristan Vukcevic,47,Bleacher Report
Tristan Vukcevic,35,ESPN
Tristan Vukcevic,53,Tankathon
Tristan Vukcevic,43,The Box and One
Tristan Vukcevic,42,NBA Draft Room
Tyger Campbell,127,The Box and One
Tyler Burton,57,NBA Draft Room
Tyree Appleby,129,The Box and One
Tyrese Hunter,95,nbadraft.net
Umoja Gibson,123,The Box and One
Victor Wembanyama,1,Sam Vecenie
Victor Wembanyama,1,CBS
Victor Wembanyama,1,nbadraft.net
Victor Wembanyama,1,Bleacher Report
Victor Wembanyama,1,Kevin O'Connor
Victor Wembanyama,1,ESPN
Victor Wembanyama,1,Tankathon
Victor Wembanyama,1,The Box and One
Victor Wembanyama,1,NBA Draft Room
Victor Wembanyama,1,Sports Illustrated
Wesley Cardet Jr.,131,The Box and One
Yuri Collins,117,The Box and One
Zach Edey,59,Sam Vecenie
Zach Edey,72,CBS
Zach Edey,49,nbadraft.net
Zach Edey,47,ESPN
Zach Edey,60,Tankathon
Zach Edey,60,The Box and One
Zach Edey,66,NBA Draft Room
Zach Edey,50,Sports Illustrated
Zvonimir Ivisic,68,ESPN
